Duobam,Bron,Vanichev,Blognation,57.71
Bigtax,Leonardo,Neissen,Edgeify,84.00
Subin,Von,Dilnot,Quimm,103.94
Viva,Sergent,Major,Tagopia,134.14
Wrapsafe,Hillel,Kilshall,Dynabox,151.09
Zaam-Dox,Dale,Vise,Cogilith,81.82
Sub-Ex,Jacinda,Hambrick,Zoomcast,110.61
Duobam,Micheil,Veschambre,Katz,208.93
Stronghold,Jarib,Cotman,Blogtag,123.83
Holdlamis,Lesley,Loney,Oba,41.16
Konklux,Malcolm,Bullerwell,Topiczoom,19.60
Job,Otho,Germon,Jamia,114.03
Toughjoyfax,Drusi,Fontell,Thoughtstorm,216.44
Asoka,Elspeth,Tomasello,Devpoint,69.34
Flowdesk,Salim,Rimington,Blogtag,76.13
Span,Calla,Noto,Voolia,101.66
Rank,Wilfred,Abbay,Mybuzz,79.78
Sonair,Moe,Spaldin,Tagtune,21.51
Keylex,Kathie,Seeks,Kwilith,92.72
Konklab,Tracy,Aylmore,Realbridge,118.85
Alphazap,Allianora,Ilieve,Kazu,187.81
Alphazap,Thorndike,MacGibbon,Feedbug,112.23
Flowdesk,Michal,Petegree,Gigaclub,136.63
Bamity,Udell,Scandred,Skipfire,203.55
Cookley,Stephen,Cantu,Digitube,141.51
Sub-Ex,Riccardo,Yokley,Skibox,241.06
Transcof,Melodie,Terron,Jazzy,18.40
Bitchip,Flint,Dabel,Trunyx,153.58
Viva,Marcelia,Sprowle,BlogXS,180.74
Vagram,Torey,Guppy,Vidoo,173.89
Opela,Jasun,Berridge,Thoughtmix,164.15
Lotlux,Elissa,Gilman,Gigashots,44.45
Tampflex,Benedetto,Puig,Voonix,246.05
Gembucket,Nona,Broomhall,Einti,211.80
Namfix,Kaye,Linch,Skipfire,71.46
Zamit,Edgard,Gidley,Abata,31.91
Redhold,Samuel,Crotch,Skimia,21.82
Voyatouch,Kalle,Lippett,Vidoo,99.86
Quo Lux,Joli,Birtle,Oyoyo,68.67
Flexidy,Mariam,Kirckman,Photojam,218.25
Cardify,Pearce,Enrigo,Skimia,46.06
Zamit,Mirna,Kettoe,Plajo,63.56
Stringtough,Gawen,Gamet,Flipbug,148.41
Voyatouch,Rafaelita,Harbour,Dazzlesphere,27.32
Tin,Lowell,Leddie,Jaxworks,168.41
Domainer,Sharla,Muggleton,Quaxo,114.69
Home Ing,Dorette,Daouse,Yamia,171.44
Solarbreeze,Andrey,Gerardeaux,Rhynoodle,42.89
Bamity,Desdemona,Twatt,Rhynoodle,97.00
Ventosanzap,Conroy,Shinton,Zava,89.98
Ventosanzap,Sibeal,Izard,Aimbu,24.80
Bitwolf,Gaye,Reek,Rhybox,66.94
Y-Solowarm,Gay,Crowdson,Dynava,180.55
Opela,Giovanna,Trenouth,Wordpedia,144.53
Y-find,Albertine,Malins,Trilith,159.74
Zaam-Dox,Karlie,Hydes,Shufflebeat,235.76
Cardify,Hale,Weight,Roomm,204.01
Biodex,Olimpia,Crowhurst,Mycat,145.86
Stringtough,Roseann,Olding,Centidel,30.37
Span,Mikol,Karppi,Plambee,193.98
Veribet,Griffy,Hutfield,Brainlounge,142.28
Y-Solowarm,Sander,Howieson,Photobug,89.90
Subin,Olenolin,Chadwen,Gabcube,88.97
Lotlux,Benedetto,Moffett,Topicshots,210.71
Y-Solowarm,Eudora,Rentenbeck,Jazzy,113.01
Y-find,Suki,Paulsson,Yakijo,183.95
Y-find,Ilise,Erb,Buzzdog,62.88
Mat Lam Tam,Gris,Robeiro,Riffpath,240.51
Solarbreeze,Franciskus,Tieman,Dabjam,28.34
Wrapsafe,Timmy,Kilday,Centidel,138.47
Alphazap,Valentine,Farre,Tagfeed,176.36
Stronghold,Carina,Euston,Vimbo,125.66
Quo Lux,Ludovico,Joist,Rooxo,133.85
Y-find,Brynne,Snape,Midel,116.20
Trippledex,Agata,Curtain,Twimbo,14.91
Y-find,Nanon,Blackadder,Meejo,103.64
Aerified,Karmen,Darton,Realblab,28.88
Lotstring,Stillmann,Farfalameev,Yodel,186.52
Zathin,Asia,Armand,Thoughtworks,174.39
Bamity,Marsh,Scrange,Flashspan,84.84
Tin,Gannon,Astlet,Youtags,152.19
Alphazap,Abbie,Mc Mechan,Twitternation,22.49
Gembucket,Fulvia,Albiston,Skyble,115.06
Aerified,Ezmeralda,Gumn,Skyvu,215.43
Otcom,Blondell,Pettitt,Zoomzone,171.59
Aerified,Merwyn,Beedham,Kimia,184.46
Cardguard,Samantha,Greger,Dabshots,158.39
Redhold,Paten,Drinkale,Tagchat,36.33
Stim,April,Smallshaw,Zoomcast,109.95
Bigtax,Joelle,McBrady,Tagopia,83.59
Bamity,Roxine,Bellis,Buzzster,88.78
Stim,Auroora,Landrick,Oyoloo,165.14
Flexidy,Wenona,Sigert,Quaxo,220.50
Overhold,Kaylil,Meredith,Myworks,185.95
Fix San,Danny,Lehr,Demimbu,172.39
Subin,Charo,Dollen,Rhyzio,87.44
Ventosanzap,Cobbie,Side,Vinte,41.21
Bitchip,Kippy,Pere,Skyndu,59.65
Vagram,Penni,Fludder,Plambee,213.78
Zoolab,Correy,Gude,Meevee,28.85
Fixflex,Libbey,Morecomb,Innojam,129.44
Zathin,Duffy,Emanson,Zooxo,100.12
Trippledex,Coretta,Levicount,Brainlounge,62.66
Veribet,Mab,Wloch,Wordify,202.19
Trippledex,Willi,Moneypenny,Tazzy,134.83
Sub-Ex,Shir,Willstrop,Skiba,146.25
Redhold,Beltran,McGahern,Brainlounge,200.87
Y-Solowarm,Ronny,Lampart,Zoombeat,19.67
Daltfresh,Cynde,Fowlds,Pixoboo,144.67
Zathin,Shannen,Reymers,Photobug,39.98
Zaam-Dox,Bendicty,MacAiline,Dabvine,136.94
Duobam,Swen,McMurtyr,Oozz,83.93
Stim,Rudiger,Top,Reallinks,15.80
It,Gill,Devenny,Jetwire,106.47
Ventosanzap,Vernen,Rizzolo,Thoughtbeat,48.27
Trippledex,Nydia,Denziloe,Zoozzy,126.94
Home Ing,Tomi,Balazin,Wordpedia,16.25
Treeflex,Baron,Butterick,Blognation,91.67
Transcof,Malinde,Cristofol,Ailane,185.05
Greenlam,Cyndie,Barff,Avavee,18.73
Job,Lanna,Prattin,Meezzy,58.11
Span,Dmitri,Barton,Zoonder,234.39
Tin,Giselle,Casson,Jabbersphere,64.60
Treeflex,Wandie,Cummins,Yakitri,163.56
Temp,Teddy,Stanlake,Oozz,229.95
Otcom,Merle,Brugger,Ntags,42.42
Transcof,Ingelbert,Keelinge,Browseblab,206.73
Tin,Claire,Lynd,Fanoodle,52.62
Greenlam,Pietro,Wickendon,Quimba,93.84
Duobam,Salaidh,Fawlks,Topdrive,122.18
Cookley,Etan,Francklin,Kaymbo,64.89
Tin,Etti,Riteley,Miboo,67.50
Overhold,Ariella,Goggin,Vinte,144.02
Greenlam,Georgianne,Bonaire,Yakidoo,190.42
Ronstring,Rickie,Ygo,Gigashots,100.35
Matsoft,Claybourne,Blewett,Gabvine,65.07
Ventosanzap,Frederico,McKimmie,Browsetype,99.34
Sonair,Amanda,Jelfs,Skimia,201.78
Andalax,Chandler,Banaszkiewicz,Kanoodle,161.88
Span,Artur,Graffin,Twimbo,13.12
Transcof,Mathian,Lovell,Jamia,184.14
Home Ing,Clement,Brothwood,Skyba,99.50
Stim,Cortney,Briztman,Roodel,61.06
Sub-Ex,Ina,Reddy,Oyoyo,55.55
Subin,Kahlil,Kimberly,Browsebug,53.87
Konklab,Deana,Dorr,Voonix,148.17
Flexidy,Therese,Duffrie,Jabbertype,171.01
Cardguard,Falito,Dailly,Feedmix,200.29
Vagram,Rianon,Hempel,Pixope,194.97
Span,Fairfax,Garlicke,Livetube,212.35
Zathin,My,Blackhurst,Mynte,165.12
Stim,Violetta,Colyer,Zoombox,75.67
Fix San,Jamey,Bellow,Dablist,159.93
Fixflex,Gibbie,Pearson,Jaxnation,131.26
Job,Cal,Bullen,Rhycero,138.87
Y-Solowarm,Letta,Loalday,Bubblemix,21.74
Gembucket,Tandy,Shillum,Zooxo,242.92
Cardify,Nat,Fontaine,Dynava,249.54
Tres-Zap,Donnie,Hubber,Riffpath,111.88
Flexidy,Ninetta,Jonin,Yakijo,194.63
Holdlamis,Carlee,Cheine,Kimia,162.62
Andalax,Sophey,Faber,Thoughtmix,200.57
Bitwolf,Delmor,Lazer,Quimm,115.62
Zathin,Osbert,McVitie,Oyoloo,199.25
Viva,Wallie,Leinthall,Kaymbo,234.19
Stronghold,Jackqueline,McQuode,Vitz,157.80
Trippledex,Kory,Ambrosi,Voonyx,78.57
Opela,Phillip,Vanlint,Leexo,174.02
Tin,Kamillah,Pesticcio,Ozu,104.06
Sub-Ex,Olympe,Chalk,Chatterpoint,32.15
Y-find,Dwain,Ruthven,Demivee,81.25
Biodex,Auberta,Dibble,Oodoo,197.92
Keylex,Mira,Gumery,Rhynyx,68.75
Viva,Carl,Stickel,Agimba,76.01
Bitchip,Joete,Henzer,Jayo,180.39
Stringtough,Lurette,Howarth,Voomm,93.65
Stringtough,Beatrisa,Lantiffe,Dablist,221.54
Holdlamis,Fran,Piff,Npath,186.39
Ventosanzap,Tildie,Sherrock,Shuffletag,181.15
Rank,Karoly,Yakovlev,Jamia,14.29
Flexidy,Freddie,Mc Carrick,Tekfly,203.88
Trippledex,Stirling,Mallaby,Meembee,169.60
Zaam-Dox,Tamra,Lownsbrough,DabZ,136.94
Trippledex,Evangeline,Shropsheir,Yamia,245.62
Biodex,Blakeley,Broughton,Jaxnation,2.92
Latlux,Bernadene,Hargreave,Jabberbean,122.24
Prodder,Carlynne,Brixham,Wordpedia,27.99
Veribet,Craggy,Denver,Realmix,178.61
Transcof,Dorthy,Conen,Zooveo,130.77
Flexidy,Melesa,Veare,Skalith,182.59
Home Ing,Cecilius,McSporrin,Browsezoom,233.10
Hatity,Karly,Duggen,Twimbo,165.91
Fintone,Wilhelmine,Taffarello,JumpXS,20.13
Cardify,Gabriele,Hancill,Brainverse,183.69
Flowdesk,Elton,Kent,Gabtype,85.67
Cardify,Sayres,Mathis,Thoughtbridge,39.49
Tresom,Hadria,Klimaszewski,Fadeo,50.67
Matsoft,Christi,Titherington,Brightdog,98.20
Mat Lam Tam,Merla,Chesnay,Gevee,128.94
Domainer,Harmonia,Wendover,Izio,117.11
Rank,Tony,Cranmor,Ailane,28.08
Viva,Marcus,Hyndley,Oyoyo,143.00
Fixflex,Pancho,McGilmartin,Babbleblab,217.10
Redhold,Ailee,Touson,Twitterwire,61.44
Gembucket,Alvan,Alcock,Miboo,4.75
Zoolab,Pierrette,McNellis,Roodel,111.47
Konklab,Konstanze,McGerraghty,Topiclounge,217.61
Quo Lux,Amandy,Ash,Jaxnation,237.02
Duobam,Perri,Ramlot,Eamia,47.98
Y-find,Allard,Hovenden,Zoombox,222.16
Zamit,Adriano,Creebo,Trudeo,247.06
Stim,Wilt,Corro,Voomm,17.56
Fintone,Freda,Parsand,Realpoint,150.19
Transcof,Ruby,Feron,Edgeclub,112.40
Holdlamis,Ranna,Russi,Ailane,141.68
Y-Solowarm,Clemmy,Grubey,Vimbo,49.60
Konklux,Leodora,Poff,Tekfly,224.30
Overhold,Worden,Hubert,Dabjam,208.25
Opela,Deidre,Sisselot,Zoombox,179.65
Lotstring,Ancell,Coan,Feedbug,69.41
Duobam,Valenka,Thynn,Gigaclub,74.00
Job,Zebedee,Frugier,Kazio,236.76
Temp,Riley,Northcott,Agimba,30.76
Subin,Sarah,Renowden,Skimia,197.37
Zontrax,Letizia,Formilli,Muxo,57.44
Matsoft,Graeme,Studdard,Zoombeat,203.25
Fintone,Dorice,Nealey,DabZ,31.70
Bytecard,Nomi,Gann,Eabox,38.00
Bitwolf,Essie,Ducker,Tazz,181.50
Fixflex,Adriena,Okenden,Zoovu,61.00
Home Ing,Barbey,Rabbage,Livetube,42.42
Quo Lux,Lissa,Giacovazzo,Innojam,179.22
Domainer,Jessamine,Molloy,Innotype,109.73
Redhold,Caroline,Greswell,Ntags,175.57
Sub-Ex,Ruddie,Trenoweth,Riffpath,71.11
Flowdesk,Gennie,MacAloren,Eimbee,147.41
Sonsing,Alfreda,Camings,Zazio,184.87
Zaam-Dox,Glendon,Jelf,Roodel,244.63
Prodder,Guido,Hulburt,Chatterpoint,180.88
Mat Lam Tam,Bronny,Carragher,Jabbertype,227.19
Domainer,Baillie,Arnett,Vinte,191.02
Quo Lux,Kit,Aizikovitz,Oyoba,188.09
Zamit,Elke,Bovingdon,Skimia,204.57
Viva,Thatcher,Mayhew,Aimbu,142.50
Y-Solowarm,Zared,Pitblado,Fivechat,154.31
Opela,Louisa,Dibnah,Twitternation,176.25
Fixflex,Tadd,Rea,Flashpoint,10.58
Hatity,Denna,Possa,Zoombeat,7.89
Stronghold,Kiersten,Caudle,Ailane,168.34
Biodex,Skyler,Jenno,Ntag,81.57
Prodder,Bennett,Hoofe,Yambee,54.30
Stim,Linn,Litchmore,Photobug,120.13
Alpha,Richardo,McVee,Gabspot,49.64
Solarbreeze,Corey,Rexworthy,Twitterwire,219.74
Rank,Garrek,Siuda,Innojam,52.85
Greenlam,Lanni,Larsen,Kaymbo,36.39
Voltsillam,Krissy,Micklem,Midel,187.27
Y-find,Morly,Velten,Bluezoom,215.04
Toughjoyfax,Gaylene,Cruden,Flashdog,65.16
Asoka,Randie,Kilbourne,Roodel,221.60
Home Ing,Lou,Dubarry,Aibox,67.61
Otcom,Dill,Mac Geaney,Quimba,119.32
Rank,Molli,Soppit,Eimbee,217.92
Temp,Frasier,Cuthbertson,Tazzy,24.16
Sonair,Candace,Claremont,Thoughtstorm,50.73
Gembucket,Engelbert,Maty,Zoombeat,172.65
Sonsing,Lazar,Mordin,Edgepulse,119.35
Treeflex,Frankie,Laydel,Muxo,128.89
Asoka,Cahra,Buckby,Eimbee,96.79
Tempsoft,Carey,Leather,Camido,55.66
Solarbreeze,Blondy,Chafney,Devbug,235.93
Bitwolf,Bette,Hallibone,Jabbersphere,182.00
Mat Lam Tam,Valentia,Underhill,Fiveclub,147.67
Trippledex,Holden,Kervin,Feedbug,148.36
Regrant,Allie,Gottschalk,Cogibox,111.24
Temp,Hersch,Burnet,Jetwire,219.03
Flowdesk,Clarita,Tomasini,Edgeblab,228.80
Temp,Sophia,Bisterfeld,Zoombeat,6.70
Trippledex,Eden,Craxford,Mudo,104.06
Tempsoft,Aymer,Hale,Livetube,97.48
Cardguard,Nanine,Vane,Jaxnation,23.15
Zaam-Dox,Karlie,Leele,Jamia,39.64
Span,Jacques,Earnshaw,Edgewire,158.14
Andalax,Doria,Heselwood,Voomm,156.64
Cardify,Rolph,Wormleighton,Quinu,40.75
Stringtough,Jeanie,Comley,Oozz,9.34
Holdlamis,Jacinthe,Scothorn,Tagfeed,177.18
Tres-Zap,Marjy,Rothermel,Skajo,86.51
Fixflex,Marcelo,Redmond,Centimia,166.96
Ronstring,Corbie,Josefs,Meejo,2.49
Transcof,Dulci,Degoix,Fivechat,219.68
Subin,Timoteo,Gawith,Jayo,35.52
Zamit,Idaline,Robshaw,Gabcube,9.44
Tresom,Elizabeth,Garham,Eare,38.05
Mat Lam Tam,Etheline,Harriss,Roodel,217.22
Zaam-Dox,Allan,Romeo,Youfeed,247.25
Bytecard,Christa,Vieyra,Topicblab,88.45
Cardify,Luce,Jarlmann,Dabvine,103.84
Sonsing,Hyacinthie,Padson,Meedoo,119.28
Opela,Ebeneser,Garfit,Wikizz,240.87
Fintone,Beverly,Betty,Gabtype,229.31
Tempsoft,Sharity,Mallam,Jaloo,175.30
Alphazap,Mireielle,Ivons,Ntags,28.21
Bytecard,Hali,Haydon,Photobean,181.36
Biodex,Koo,Tulip,Skajo,238.08
Y-find,Cris,Sprackling,Eabox,146.20
Lotstring,Elna,Iredale,Wikibox,215.29
Daltfresh,Kylie,Trevaskis,Oyondu,101.98
Ventosanzap,Clair,Buzzing,Shufflester,241.45
Daltfresh,Kerby,Congram,Voolia,110.69
Aerified,Mackenzie,Stener,Jaxspan,77.79
Biodex,Hakeem,Ricca,Feedfire,117.68
Mat Lam Tam,Staffard,Willimont,Eazzy,170.12
Fintone,Glory,Malone,Wikizz,41.02
Stringtough,Rahal,Bortolozzi,Photobug,107.20
Job,Ulla,Le Provost,Oloo,19.80
Lotlux,Kingsly,Eickhoff,Vinder,21.05
Voltsillam,Ced,Souster,DabZ,12.76
Opela,Meredithe,Strugnell,Leenti,132.69
Matsoft,Shari,Styan,Brainsphere,248.11
Cardify,Merrilee,Grunson,Kaymbo,2.92
Fix San,Frans,Wadwell,Quinu,168.91
Trippledex,Thedrick,Dominique,Meevee,226.60
Wrapsafe,Reeta,Dowson,Riffwire,190.33
Alpha,Terry,Semeniuk,Jazzy,9.32
Pannier,Waldemar,Gianotti,Ailane,113.93
Bytecard,Leona,Josefowicz,Zooxo,230.57
Matsoft,Tania,Frusher,Demizz,88.54
Bitwolf,Filia,Kellert,Topicware,113.38
Voyatouch,Jourdain,Cowdery,Quinu,8.58
Quo Lux,Desi,Agiolfinger,Voolia,136.18
Prodder,Belle,Raimbauld,Minyx,134.55
Span,Megan,Errol,Thoughtworks,156.36
Stringtough,Joey,Fraczkiewicz,Feedbug,13.54
Tresom,Vachel,Kirkby,Thoughtstorm,37.78
Bigtax,Domenico,Spraggon,Brainsphere,35.04
Viva,Melvyn,O'Hern,Agimba,22.61
Lotlux,Elsi,Jurs,Skinder,187.45
Regrant,Sibelle,Bellis,Gabtune,81.55
Stronghold,Ardyce,Jambrozek,Demimbu,107.48
Bamity,Keelia,Dregan,Tagfeed,194.50
Veribet,Fifi,Vittet,Fivechat,44.56
Prodder,Haywood,Peyes,Realbridge,30.56
Regrant,Millie,Helm,Skidoo,183.69
Biodex,Freda,Anning,Skibox,189.57
Span,Sonni,Kahen,Innotype,213.00
Mat Lam Tam,Rachel,Figg,Blogtag,62.62
Sub-Ex,Nathanil,Barbosa,Shufflester,83.59
Cardguard,Ashly,Rubes,Oyope,105.25
Fintone,Siobhan,Cusick,Buzzshare,49.58
Rank,Taite,Anthes,Ailane,110.64
Solarbreeze,Dianne,Gimber,Aibox,245.39
Holdlamis,Rosalinde,Leban,Topdrive,29.50
Fintone,Rip,Peer,Innotype,215.52
Sub-Ex,Dani,Bullick,Leenti,9.39
Quo Lux,Camellia,Rowlett,Divavu,240.24
Zaam-Dox,Brooks,Pearson,Twimm,84.47
Matsoft,Rutherford,Tordoff,Topdrive,33.04
Bitchip,Libbey,Slora,Meetz,95.98
Bitchip,Trever,Fiddiman,Trilith,163.54
Home Ing,Garvin,Bone,Dabfeed,68.44
Toughjoyfax,Shellie,Tinwell,Innojam,72.62
Konklux,Gino,Pettican,Aimbu,56.95
Trippledex,Leeland,Vanner,Jaxbean,90.08
Lotstring,Chelsey,Kubin,LiveZ,186.69
Konklab,Torrey,Izakov,Tagtune,49.20
It,Tulley,Paulon,Oyondu,25.61
Hatity,Charissa,Harrington,Youbridge,227.85
Keylex,Tiffanie,Mowsdill,Omba,107.17
Vagram,Montgomery,Sicha,Mudo,11.65
Zaam-Dox,Fawne,Malsher,Oozz,160.50
Ronstring,Cher,Lapish,Devshare,114.05
Konklux,Vinnie,Beckford,Kamba,228.57
Span,Sapphira,Pogosian,Thoughtworks,166.84
Sonsing,Noach,Mathison,Twinder,210.77
Overhold,Andre,Zamboniari,Yakidoo,227.67
Treeflex,Peria,Fakeley,Gigaclub,167.46
Stronghold,Nicola,Ivanichev,Devpoint,169.10
Asoka,Tiff,Liebrecht,Oozz,194.12
Toughjoyfax,Rockwell,Stoneham,Realbuzz,173.47
Veribet,Vasily,Champkin,Twitterbeat,134.00
Solarbreeze,Shem,Feilden,Twinte,43.91
Cookley,Shoshana,Bubbings,Leenti,162.16
Pannier,Tam,Carryer,Eare,183.23
Tampflex,Joe,Audritt,Jaxbean,130.40
Pannier,Ida,Crighton,Snaptags,169.08
Trippledex,Stanford,Rosi,Gabcube,184.82
Toughjoyfax,Nikki,Jakeway,Zoombeat,144.01
Temp,Danni,Purver,Flipopia,220.19
Subin,Dale,Dyke,Meevee,112.39
Lotlux,Ulberto,Fanshaw,Twiyo,125.55
Zoolab,Beitris,Bauduccio,Photofeed,177.47
Kanlam,Eb,Dunlea,Kwilith,24.42
Alpha,Gaspar,Hawkeswood,Muxo,60.57
Tres-Zap,Honor,Kilgallon,Einti,36.17
Solarbreeze,Deeann,Cavy,Eare,40.88
Ronstring,Prissie,Jay,Dabtype,160.48
Bigtax,Aili,Buckell,Fatz,96.08
Biodex,Teresita,Fetherston,Skilith,159.81
Home Ing,Benedicta,Andrat,Meevee,61.98
Fixflex,Riordan,Bondley,Riffpedia,58.92
Flexidy,Darbie,Antonioni,Fivebridge,124.83
Aerified,Kitty,Bunning,Yamia,142.79
Flexidy,Boot,Culross,Mydo,65.56
Cardify,Rollin,Ferrarone,Tazz,190.54
Gembucket,Carmelina,Kelly,Bubblebox,60.70
Lotstring,Marie-ann,Cisneros,Realfire,103.68
Sub-Ex,Karrah,Kliemchen,Roodel,157.15
Gembucket,Marilee,Murford,Skyndu,204.69
Treeflex,Emyle,Gosswell,Feedfish,238.30
Toughjoyfax,Phillie,Doherty,Oyoloo,48.80
Tres-Zap,Odie,Volette,Skimia,15.52
Gembucket,Crystal,Claricoates,Buzzshare,105.62
Matsoft,Rabi,Fleury,Ailane,70.69
Cookley,Wyatan,Winspare,Kwinu,96.53
Wrapsafe,Shoshana,Cuschieri,Skidoo,153.35
Lotstring,Nickie,Samsin,Livepath,230.09
Kanlam,Legra,Fetherston,Blogtags,197.33
Domainer,Dayna,Couch,Devpoint,56.13
Rank,Cherlyn,Ceeley,Kwilith,186.73
Regrant,Darcie,Keady,Jetpulse,61.23
Daltfresh,Clara,Youde,Quamba,234.66
Overhold,Irita,Summergill,Gabspot,105.36
Subin,Devina,Huddles,Photobug,227.37
Rank,Park,Proschek,Voonyx,67.72
Tres-Zap,Emmey,Coppenhall,Aimbo,235.37
Y-find,Flo,Thoumas,Tagtune,152.52
Stronghold,Nonah,Wentworth,Mymm,182.56
Redhold,Reese,Reckhouse,Quinu,203.71
Cookley,Willette,Noddle,Jamia,54.97
Alphazap,Vidovik,Auger,Thoughtstorm,217.98
Lotstring,Josefina,Stancer,Izio,72.41
Sonair,Johnath,Maidment,Twinte,196.20
Treeflex,Tawnya,Lepere,Oozz,134.82
Fix San,Delinda,Dradey,Skalith,231.63
Cardify,Laurene,Dixon,Flashdog,142.15
Bytecard,Iver,Riddoch,Riffpedia,177.58
Tampflex,Orrin,Dober,Voolith,93.61
Flowdesk,Kirsteni,Fordyce,Midel,139.48
Vagram,Rolando,Pennyman,Quatz,193.32
Cardify,Tammi,Flipek,Feedmix,117.31
Greenlam,Elora,Locock,Gabtype,235.14
Voltsillam,Garek,Mourant,Realmix,117.80
Sonair,Guenna,Feuell,Muxo,92.94
Treeflex,Michelina,Stitwell,Centizu,183.70
Quo Lux,Kerri,Derrell,Riffwire,230.52
Flowdesk,Renell,Kulis,Zoombox,88.16
Zamit,Melony,Pridding,Yata,92.17
Temp,Edgar,Carbonell,Ntags,199.49
It,Carlotta,Duffil,Jazzy,137.33
Temp,Anselm,Leguay,Gigashots,102.57
Lotstring,Waring,Laws,Livetube,153.66
Zoolab,Graeme,Darragon,Zoovu,42.36
Cardify,Ragnar,Boater,Quimm,117.25
Pannier,Brett,Danet,Twitterworks,146.99
Bamity,Hershel,Morando,Eare,82.33
Cardguard,Mellisa,Fullman,Quatz,137.51
Ronstring,La verne,Jellico,Brainlounge,77.78
Kanlam,Gibbie,Brayfield,Devcast,193.98
Andalax,Gianna,Coveney,Devpulse,216.04
Tresom,Dominique,Abrahamsen,Roomm,95.73
Sonair,Yettie,Ponde,Mita,192.24
Temp,Flin,Pointer,Camido,213.74
Span,Ki,Lindstedt,Devshare,245.64
Opela,Laraine,Guage,Aimbu,131.12
Toughjoyfax,Marian,Tootal,Zoozzy,144.87
Lotlux,Raffarty,Trevance,Meevee,28.53
Bytecard,Sofia,Korpal,Ooba,201.63
Home Ing,Blaine,Valeri,Skiba,94.32
Keylex,Odell,Yvon,Trunyx,203.98
Matsoft,Breena,Cottu,Buzzbean,49.52
Stringtough,Charisse,Catenot,Yodo,95.52
Flexidy,Rochester,Smalridge,Rhynyx,227.29
Viva,Amalie,Kauble,Ainyx,104.70
It,Roseline,Bagby,Jaxnation,81.75
Lotstring,Ernesto,Lockhart,Thoughtbridge,58.84
Asoka,Tobin,Karlowicz,Riffwire,11.28
Fixflex,Tannie,Buncom,Vipe,228.73
Zamit,Marylou,McVie,Jaxworks,2.17
Subin,Marna,Adnams,Twiyo,247.35
Zoolab,Tabbatha,Langmead,Jaxworks,227.17
Lotlux,Melitta,Melledy,Mydeo,157.80
Mat Lam Tam,Bartholomeo,Keirle,Roodel,111.63
Greenlam,Gert,Wellesley,Edgeclub,20.33
Zoolab,Gavra,Gulland,Yakitri,84.76
Bitwolf,Kassie,Crangle,Dabshots,112.55
Sonsing,Joell,Samber,Abata,150.30
Zoolab,Man,Feighney,Topicshots,28.34
Alpha,Floria,Arnson,Browseblab,79.72
Sonair,Basia,Gregolotti,Blogspan,191.51
Viva,Willabella,Rupp,Gabcube,176.44
Trippledex,Annissa,Aleavy,Zoombeat,1.86
Holdlamis,Nancy,Keightley,Wordpedia,82.95
Sub-Ex,Barri,Corradini,Kaymbo,60.36
Alpha,Beauregard,Renac,Flashspan,57.43
Stronghold,Crawford,Napoli,Feedbug,69.91
Pannier,Jillene,Macconaghy,Blogspan,86.76
Zamit,Nicolis,Weathers,BlogXS,226.74
Rank,Fanni,Samme,Tagopia,139.13
Keylex,Nikki,Pigne,Yata,212.38
Span,Anett,Christauffour,Brightbean,159.35
Alphazap,Filberto,Starkey,Oba,131.42
Flexidy,Heall,Brushfield,Yodoo,125.49
Ventosanzap,Marketa,Dickins,Brightdog,127.01
Fintone,Somerset,Critchley,Latz,58.14
Vagram,Fons,Van Arsdale,Leenti,48.24
Toughjoyfax,Salomo,Malec,Janyx,101.09
Wrapsafe,Kate,Tummond,Meetz,234.09
Fintone,Ezequiel,Parysowna,Rhynoodle,57.94
Andalax,Janek,Laville,Thoughtbeat,155.45
Lotlux,Shae,Gawthorpe,Quimba,121.64
Zamit,Carlynne,Faulo,Rhycero,206.12
Span,Deana,Mannock,Gigashots,184.55
Asoka,Erena,Matei,Rhynoodle,117.59
Regrant,Amandie,Benzies,Blognation,8.20
Job,Dela,McSparran,Jaxspan,141.29
Voltsillam,Hoyt,MacMaykin,Oodoo,156.39
Zamit,Minda,Chamney,Dynabox,13.59
Ventosanzap,Alverta,Hullbrook,Meeveo,167.31
Latlux,Hayyim,Voysey,Talane,146.24
Tampflex,Emlyn,Pawlick,Meemm,216.16
Vagram,Willa,Basil,Brainverse,123.74
Fintone,Casie,Graffham,Npath,146.17
Overhold,Dominik,Rase,Youbridge,236.40
Andalax,Beret,Lehrmann,Riffwire,154.22
Sonair,Kassey,Culshew,Zoomcast,227.76
Vagram,Lorrayne,Fogel,Wikido,160.68
Aerified,Corbie,Measham,Photofeed,232.90
Gembucket,Hanson,Uvedale,Buzzdog,17.15
Alpha,Mikaela,Greenwood,Dabfeed,26.34
Cardguard,Fallon,Hitschke,Leenti,51.61
Zamit,Cornelia,Upcott,Oyonder,188.38
Bitchip,Rand,Harrema,Voonyx,145.11
Pannier,Jaynell,Healks,Yata,58.36
Voltsillam,Jourdain,Wiburn,Kayveo,154.94
Prodder,Walther,Turnpenny,Realblab,213.42
Bamity,Derrek,Deinhardt,Zoozzy,183.77
Overhold,Shayne,Sylett,Agivu,121.38
Gembucket,Jemmie,Paoli,Demizz,133.85
Konklux,Hetti,Ayling,Realfire,69.60
Kanlam,Emile,Soltan,Blogtags,204.15
Biodex,Alisha,Hamblington,Yata,23.02
Stronghold,Goldarina,Wahncke,Skajo,128.41
Konklab,Shanie,Bernot,Demivee,73.44
Zontrax,Frasco,Kezar,Meezzy,5.86
Quo Lux,Rea,Malicki,Jayo,56.78
Zaam-Dox,Ansell,Mulholland,Leenti,43.20
Pannier,Damiano,Buggy,Dynabox,89.41
Cookley,Shermy,Sabatier,Skyndu,32.27
Tres-Zap,Sandro,Stutely,Wordware,247.23
Duobam,Clareta,Tincombe,Wordtune,76.91
Flowdesk,Edwina,Dmitrichenko,Twitternation,222.64
Stim,Marlane,Dummer,Twinder,69.86
Redhold,Caitrin,Dubarry,Zoomcast,163.73
Span,Gusta,Ponting,Voomm,59.19
Transcof,Chloe,Markham,Jabbercube,9.99
Fixflex,Patricia,Creyke,Blogpad,220.45
Ventosanzap,Tony,Arnao,Fliptune,59.69
Trippledex,Robby,McOmish,Livetube,145.22
Bitchip,Terrye,Houlston,Npath,136.65
Sub-Ex,Mateo,Clearie,Dabjam,171.13
Keylex,Marillin,Plester,Janyx,1.76
Stim,Catlaina,Levane,Ainyx,144.60
Bamity,Fayina,Rivenzon,Kaymbo,220.38
Rank,Mikol,McDougal,Jayo,28.72
Hatity,Shell,Habbema,Edgeify,209.89
Lotlux,Nicolais,Radnage,Minyx,92.97
Cookley,Orazio,Lindborg,Tazzy,77.56
Bitwolf,Concordia,Langtry,Rhyloo,22.55
Bitwolf,Sheffy,Dinneen,Flipopia,224.61
Fintone,Darill,Raggatt,Trilith,241.58
Lotlux,Adriaens,Bullimore,Mudo,78.21
Flexidy,Kanya,McCullock,Ntags,181.25
Matsoft,Cole,Habbeshaw,Wikibox,55.86
Treeflex,Caterina,Choulerton,Gabtype,28.21
Viva,Ainsley,Tribbeck,Topicshots,172.27
Biodex,Gaby,Larby,Realcube,106.01
Temp,Laney,Reignolds,Thoughtblab,152.15
Veribet,Vanny,Vicar,Mycat,212.60
Latlux,Sorcha,Brandes,Mynte,33.22
Prodder,Vilma,Spearman,Katz,107.79
Andalax,Arty,Caltera,Rhynyx,90.78
Transcof,Marja,Willcock,Skaboo,134.59
Alpha,Garvy,Mingardi,Photobug,209.71
Viva,Natty,Vasilyonok,Flipbug,183.02
Holdlamis,Haley,Vlasyev,Buzzster,65.58
Veribet,Trev,Glascott,Avaveo,220.45
Alpha,Ysabel,Corwin,Youspan,214.35
Vagram,Elvin,Bolt,Rooxo,155.56
Mat Lam Tam,Kyrstin,Skpsey,Einti,236.60
Fixflex,Chelsae,Glasheen,Devshare,15.26
Toughjoyfax,Cheryl,Stranio,Skaboo,33.29
Bamity,Lexie,Trowsdale,Digitube,13.46
Alpha,Sheba,Gotch,Eabox,33.30
Transcof,Elinor,Roobottom,Trupe,90.01
Keylex,Cathee,Auden,Flashpoint,123.57
Rank,Olympie,Arkcoll,Gabtype,105.42
Flexidy,Allen,Roseveare,Lazzy,74.00
Ronstring,Raddy,Portman,Demimbu,163.59
Zamit,Veronica,Goard,Digitube,82.31
Zamit,Ira,Denham,Jayo,191.63
Latlux,Daria,Honniebal,Kazu,20.49
Home Ing,Judi,Pennycock,Dabshots,68.10
Wrapsafe,Pepe,Ferrers,Eazzy,210.44
Flowdesk,Elaine,Bence,Izio,160.97
Greenlam,Salem,Vaughton,Twitterworks,201.51
Stim,Charita,Fessler,Tazz,192.64
Bigtax,Devlen,Newnham,Gigazoom,176.17
Kanlam,Cathrine,Castelow,Thoughtbeat,100.04
Treeflex,Quill,Von Der Empten,Feedfire,51.35
Cardguard,Legra,Wrightem,Jaloo,113.75
Vagram,Zelma,Jarrell,Gabvine,186.18
Zontrax,Austin,Trigg,Vimbo,63.35
Holdlamis,Phillipe,Skully,Wordware,160.65
Konklab,Polly,Redgrove,Fadeo,18.54
Greenlam,Delmor,Matokhnin,Skimia,203.16
Keylex,Daphna,Mawby,Wordware,171.84
Daltfresh,Miner,Ielden,LiveZ,133.24
Subin,Ofelia,Tole,Zoovu,180.12
Hatity,Rawley,Staden,Quimba,58.17
Sub-Ex,Spencer,Genike,Shuffletag,217.91
Sonsing,Tamiko,Kleinbaum,Avamba,80.13
Latlux,Tris,Hunston,Jaxbean,129.44
Rank,Sue,Hirtz,Snaptags,30.96
Rank,Xever,Bartlomiej,Quinu,66.02
Wrapsafe,Arlinda,Frankom,Centidel,95.84
Latlux,Elisha,Haskayne,Thoughtworks,201.29
Bitchip,Eldin,Janton,Avaveo,119.12
Redhold,Janessa,Chattell,Gabcube,41.98
Alpha,Dannye,Kryszkiecicz,Brainbox,45.72
Veribet,Persis,Kanter,Bubbletube,2.29
Bitchip,Cherilynn,Balma,Kazu,25.77
Flowdesk,Angelita,Fourcade,Thoughtblab,142.71
Bytecard,Garwin,Simner,Mynte,201.44
Alpha,Dun,Kernaghan,Wikizz,45.58
Stronghold,Fabio,Stirgess,Topiclounge,75.23
Quo Lux,Keary,Temblett,Kanoodle,44.01
Lotlux,Lacey,Holtaway,Jazzy,107.88
It,Shellysheldon,Oleksiak,Cogidoo,173.76
Bitchip,Steven,Isaacson,Bubblebox,94.37
Lotstring,Katerine,Pattinson,Divanoodle,78.24
Sonair,Mill,Wassell,Yakijo,158.58
Gembucket,Vassili,Fortman,Youspan,177.39
Fix San,Sol,Gilli,Rhycero,193.44
Y-Solowarm,Heidi,Redgate,Plambee,101.43
Treeflex,Celestyna,Noblett,Demimbu,192.70
Cardify,Guy,Pinks,Voomm,109.05
Hatity,Elbertina,Attawell,Browseblab,75.76
Flowdesk,Sebastien,Surphliss,Leenti,17.01
Wrapsafe,Eulalie,McMurtyr,Camimbo,127.78
Alpha,Celina,Howson,Avamm,237.18
Sonair,Addi,Goodbarr,Kanoodle,167.87
Redhold,Milzie,Matches,Latz,190.49
Bitchip,Annetta,Mc Caghan,Fatz,40.28
Prodder,Skipp,Lafee,Divavu,18.75
Viva,Dian,Jahner,Yabox,31.88
Bytecard,Sigfried,Spincke,Plajo,62.03
Tampflex,Wilt,Axby,Tazz,177.71
Mat Lam Tam,Dela,Thiem,Twitterwire,95.30
Toughjoyfax,Sherman,Vigers,Topicware,146.70
Bigtax,Adah,Sooper,Zoovu,74.90
Holdlamis,Gallagher,McCarrell,Janyx,112.48
Toughjoyfax,Idell,Jeenes,Yombu,86.87
Vagram,Trixy,Kinge,Livefish,127.50
Y-find,Webb,Harmour,Zava,177.74
Domainer,Nerta,Knappitt,Gigabox,32.00
Flowdesk,Denys,Ownsworth,Brightbean,126.62
Holdlamis,Annelise,Bamlett,Babbleblab,69.10
Konklab,Lilah,Huygen,Browsebug,37.69
Zathin,Cale,Sitford,Ailane,130.39
Zathin,Nesta,Machel,Feedspan,86.43
Toughjoyfax,Lara,Egginton,Zooxo,22.63
Toughjoyfax,Chicky,Lisciandri,Photojam,96.04
Domainer,Sapphire,OIlier,Twitterbridge,109.88
Quo Lux,Kincaid,McHardy,Livefish,77.50
Aerified,Gael,Durn,Topiclounge,211.40
Sonsing,Kurtis,Corbie,Flipopia,81.50
Zoolab,Garreth,Hintze,Wikibox,33.28
Wrapsafe,Abbey,Delahunty,Zava,205.01
Job,Adriane,Schade,Roombo,29.88
Overhold,Baird,Godspede,Oodoo,239.85
Overhold,Andie,Tooze,Agimba,217.38
Bamity,Drona,Storton,Skinix,66.09
Tin,Alan,Setterthwait,Eare,241.96
Regrant,Marney,Fazakerley,Jaloo,231.93
Stim,Marcel,Bushel,Livepath,62.28
Tres-Zap,Karlan,Robbins,Wikibox,206.98
Duobam,Wren,Giacomuzzo,Jetwire,179.32
Zontrax,Goldarina,Cambling,Shufflebeat,196.77
Domainer,Tabbitha,Chapelhow,Kamba,131.01
Aerified,Tonie,Keilty,Flipopia,80.98
Voltsillam,Ange,Shawyer,Wordtune,185.55
Tres-Zap,Grover,Gorgen,Quimm,180.30
Matsoft,Retha,Esgate,LiveZ,225.67
Sub-Ex,Auria,Bonnell,Gabtune,17.55
Pannier,Nevin,Paydon,Meedoo,103.55
Overhold,Noel,D'Elia,Rooxo,66.31
Tresom,Elsy,Annatt,Eare,71.63
Alpha,Archy,Maasze,Einti,103.65
Lotstring,Brodie,Elliss,Rhycero,154.96
Latlux,Bari,Kunzelmann,Leexo,101.46
Latlux,Clint,Solleme,Meemm,114.64
Hatity,Albertine,Munden,Bubblemix,169.30
Home Ing,Marlo,Scurrah,Jatri,13.67
Opela,Micaela,Bugdall,Fanoodle,60.43
Bigtax,Kellen,Mowbury,Oyoyo,204.75
Vagram,Kelvin,Daulby,Thoughtworks,163.72
Fix San,Joy,Arunowicz,Miboo,113.58
Asoka,Janeen,Werrett,Rhyloo,150.58
Zaam-Dox,Ewan,Wingate,Topicware,211.03
Biodex,Ardath,De Bell,Zoozzy,117.26
Bytecard,Audi,Kayes,Realpoint,192.39
It,Freemon,Allsupp,Skiptube,196.63
Temp,Ardyce,Matuszkiewicz,Trilith,224.99
Pannier,Raeann,Gabotti,Centidel,33.03
Stronghold,Myrilla,Dumbarton,Divanoodle,26.87
Zoolab,Clemente,Strowthers,Yodoo,130.74
Bigtax,Ada,Wakenshaw,Yamia,83.37
Matsoft,Gertrud,Holt,Zoomzone,73.74
Solarbreeze,Giana,Charlson,Skyble,221.07
Lotstring,Juliette,Alman,Blogpad,124.98
Alpha,Trisha,Edon,Twimm,83.59
Solarbreeze,Renae,McGowing,Topicblab,235.62
Otcom,Allister,Abela,Trilith,95.13
Temp,Sofie,Nason,Vimbo,104.03
Zaam-Dox,Eryn,Snailham,Abatz,225.40
Y-find,Sidnee,Pieper,Realcube,206.34
Latlux,Hernando,Boldra,Topicware,75.40
Quo Lux,Joshia,Haylands,Zoomlounge,145.93
Redhold,Claudelle,Nolli,Gigabox,78.45
Zoolab,Carol-jean,Whenham,Voolia,245.50
Rank,Almeta,Duckerin,Linktype,18.45
Rank,Albie,Knowlman,Skippad,56.79
Cardguard,Vilhelmina,Gildea,Photobean,209.12
Wrapsafe,Pattie,Thorne,Rhyloo,109.67
Andalax,Wynne,McTurk,Mycat,181.44
Aerified,Cally,Mosey,Twitternation,196.63
Stim,Chris,Vine,Topicware,84.02
Sonsing,Frants,Dabourne,Thoughtblab,157.90
Flexidy,Dorita,Guiel,Tazzy,104.12
Fixflex,Nicki,Nornasell,Tambee,243.19
Transcof,Aldous,Martygin,Bubblemix,31.69
Sub-Ex,Hayden,Baumadier,Izio,85.58
Regrant,Kimberlee,Ixer,Yodoo,69.36
Namfix,Simonne,Cosker,Youspan,15.28
Voltsillam,Elke,Shippard,Pixope,10.36
Prodder,Carlye,Diplock,Zoozzy,174.17
Tres-Zap,Jerrylee,Newhouse,Brainsphere,193.11
Quo Lux,Janifer,Hudless,Brightbean,175.48
Lotstring,Thedrick,Dymocke,Zoonder,225.58
Tempsoft,Melodee,Shekle,Buzzster,165.83
Sub-Ex,Had,Koenen,Oloo,136.09
Stim,Reine,Kenen,Gabspot,141.06
Opela,Colan,Haselgrove,Fatz,116.95
Stringtough,Xavier,Jozsika,Thoughtbridge,33.25
Domainer,Rebecka,Gibby,Voonte,98.10
Matsoft,Jody,Seals,Twitternation,160.33
Sonsing,Damiano,Baskeyfield,Browsedrive,106.79
Ronstring,Melony,Zohrer,Jatri,174.60
Asoka,Maribelle,Hackin,Thoughtworks,133.58
Zontrax,Rupert,Andrault,Chatterbridge,239.20
Ronstring,Sergio,Worrall,Photobug,25.52
Tampflex,Jacinta,Heams,Voonte,184.45
Bitwolf,Josselyn,Lake,Photojam,98.41
Pannier,Lianna,Setchell,Gabcube,68.36
Alphazap,Alejandra,Law,Yodoo,117.23
Greenlam,Hazel,Messier,Thoughtstorm,180.85
Pannier,Jeri,Vobes,Trunyx,242.80
Aerified,Emmery,Slucock,Kimia,56.10
Bamity,Gualterio,Beddingham,Oyope,43.46
Zoolab,Bessy,Hovell,Jatri,36.18
Konklux,Abbott,Arundell,Blognation,160.50
Stim,Mathian,Trevino,Gigashots,46.86
Tampflex,Alistair,Seckington,Aibox,51.96
Alphazap,Luz,Daughtery,Devshare,86.40
Holdlamis,Sunshine,Lissandri,Skyvu,177.24
Biodex,Elene,Frawley,Bubbletube,119.91
Ventosanzap,Oren,Girauld,Skalith,113.48
Flowdesk,Waring,Mowett,Kazu,92.04
Bytecard,Johnnie,Boyce,Feedfish,157.70
Daltfresh,Rourke,Pagitt,Mita,30.16
Viva,Claudell,Rablen,Yakitri,146.88
Zathin,Ruy,Jobbing,Voonte,121.65
Cardify,Opaline,Oxborough,Gigashots,97.44
Alphazap,Marcy,Hedditch,Buzzdog,119.00
Voltsillam,Roxine,Kirwan,Yoveo,161.42
Bitchip,Mala,Benoi,Twimbo,19.54
Y-Solowarm,Paolina,Dominik,Twinte,50.64
Konklux,Kellie,Pattesall,Layo,210.20
Bitchip,Mildrid,Eckhard,Browsebug,205.74
Treeflex,Rorke,Ollett,Oyonder,212.58
Zontrax,Benedikta,Callington,Shufflester,112.25
Stringtough,Murray,Josephov,Mybuzz,96.18
Flexidy,Kristian,Guiton,Realmix,74.26
Asoka,Nomi,Carlyon,Dabfeed,219.41
Asoka,Claretta,McIlriach,Realpoint,31.40
Flexidy,Evey,Rigby,Skalith,80.86
Bigtax,Skippy,Abrey,Camimbo,233.23
Lotlux,Gusti,Cawston,Fanoodle,161.61
Keylex,Myrtia,Krink,Realcube,53.47
Bytecard,Glyn,Pilkington,Gigashots,197.62
Stronghold,Guntar,Steptow,Eadel,170.87
Matsoft,Alys,Carlon,Oyoloo,196.15
Cardguard,Cherrita,Alf,Flipbug,130.94
Tin,Mallory,Clyne,Jabberbean,132.55
Hatity,Candace,Krolle,Skiba,17.11
Lotstring,Terese,Buckle,Twitterbridge,19.82
Subin,Chere,Flinn,Gabspot,120.17
Mat Lam Tam,Keane,Casari,Shufflester,150.44
Bytecard,Palm,Ley,Livepath,181.49
Flowdesk,Ernesta,Menear,Zoomlounge,16.48
Tres-Zap,Rosabel,Pye,Yakidoo,202.09
Pannier,Ogdan,Sims,Aimbu,20.15
Stringtough,Abbott,Allward,Mycat,211.09
Sonair,Zebulon,Lief,Youspan,199.55
Stringtough,Hubert,Clackers,Jamia,131.52
Latlux,Jasmina,Gunbie,Photobug,129.64
Biodex,Walt,Hawler,Meevee,137.89
Otcom,Cahra,Cardenosa,Avavee,54.81
Zaam-Dox,Vannie,Bunford,LiveZ,204.38
Latlux,Kalvin,Blasio,Oyondu,43.61
Viva,Brett,Manwaring,Zoomdog,4.18
Voltsillam,Dave,Dulin,Devshare,34.44
Fixflex,Melisent,Yukhnini,Kwideo,44.26
Fix San,Xylia,Barkworth,Voomm,191.00
Stringtough,Carlee,Burtwell,Shufflester,167.83
Veribet,Emelina,Alsopp,Blogspan,27.51
Aerified,Zaneta,Bailess,Twimbo,200.87
Zoolab,Jone,Kabos,Zoozzy,35.57
Cardify,Arabele,Truder,Youspan,16.56
Gembucket,Nappy,Pickering,Voonix,236.41
Cookley,Janaya,Kretchmer,Zoomcast,79.78
Flexidy,Aundrea,Vasyutin,Skaboo,26.99
Lotlux,Adolphe,Scullin,Thoughtworks,48.79
Domainer,Cristen,Gebhard,Demivee,32.82
Tresom,Davy,Mower,Divanoodle,56.35
Y-find,Annis,De Hailes,InnoZ,249.49
Regrant,Cleveland,Giamitti,Skipstorm,245.74
Lotstring,Alane,Manhare,Edgepulse,78.13
Bytecard,Sianna,Rosterne,Realblab,141.19
Zaam-Dox,Charline,Rountree,Bluejam,208.28
Aerified,Jack,Ridley,Zoonder,114.29
Ronstring,Winnie,Grestye,Latz,180.75
Kanlam,Leanora,Woodwind,Realblab,187.63
Flexidy,Lorne,Rennox,Jaxnation,184.20
Aerified,Muhammad,Pauling,Dynazzy,137.60
Sub-Ex,Elyssa,MattiCCI,Eabox,37.78
Tampflex,Simone,Alliban,Quaxo,151.35
Lotstring,Carolee,Lendon,Rhyzio,65.83
Latlux,Gracie,Fynan,Flashdog,85.35
Ronstring,Sissy,Loughton,Feedmix,232.89
Daltfresh,Stephie,Grigolon,Gigabox,248.93
Bigtax,Juliana,Folland,Gabtune,135.35
Keylex,Hillary,Brandsen,Skyndu,98.61
Namfix,Jamaal,Christofor,Eamia,184.62
Konklux,Karla,Fletcher,Feednation,133.00
Greenlam,Marijo,Keizman,Voonix,164.83
Tempsoft,Brooks,Rosone,Jayo,181.78
Rank,Paddy,Dallywater,Photobean,146.88
Asoka,Addy,Tissell,Aivee,162.96
Sub-Ex,Lorant,Barge,Thoughtstorm,65.45
Daltfresh,Gregoire,Ritchman,Gabspot,243.39
Ventosanzap,Beatriz,Elener,Brightbean,165.75
Veribet,Gerrie,Budgeon,Layo,175.58
Temp,Rene,Aberchirder,Skyble,43.31
Sub-Ex,Caritta,Ruf,Dabtype,103.78
Sub-Ex,Mellicent,Huzzay,Cogibox,117.35
Duobam,Milton,Bagger,Photobean,165.03
Job,Cate,Cantu,Gigaclub,230.05
Quo Lux,Lilas,Ruppert,Aimbo,132.87
Andalax,Fleurette,Lurcock,Buzzbean,34.24
Lotstring,Shel,Jennions,Brainsphere,169.04
Ventosanzap,Gabi,Boadby,Meeveo,58.19
Bitwolf,Laughton,Brettor,Leexo,208.51
Hatity,Ertha,Sarsons,Flipbug,114.68
Y-find,Audi,Stoyle,Cogibox,3.44
Flexidy,Elaine,Gooders,Skibox,148.46
Bitchip,Isis,Loughman,Centizu,19.04
Treeflex,Timmy,Oades,Feednation,23.28
Cardify,Charmaine,O'Codihie,Skipstorm,119.61
Tresom,Mano,Dauney,Dynazzy,214.48
Namfix,Ginger,Kuhn,Viva,76.64
Keylex,Ardith,Feldmark,Abata,134.75
Konklux,Dicky,Beaston,Yotz,37.57
Wrapsafe,Hoyt,Anton,Myworks,12.90
Keylex,Evita,Heinemann,Meejo,49.82
Zoolab,Aldon,Facer,Feedmix,108.44
Tampflex,Jemimah,Gathwaite,Yata,205.59
Duobam,Lotti,Frascone,Meevee,237.48
Domainer,Natividad,Dooly,DabZ,116.59
Greenlam,Dione,Simion,Photobug,195.88
Fix San,Janenna,Delacroux,Vimbo,228.49
Opela,Marci,Folliss,Brightbean,221.75
Y-find,Osbert,Kenwright,Tazz,64.06
Fix San,Fannie,Toomer,Youfeed,99.97
Zontrax,Abbey,Tarrier,Realfire,155.52
Ronstring,Letitia,Posen,Oyoyo,249.71
Alphazap,Daryl,Bickersteth,Nlounge,206.23
Latlux,Helaina,Gerber,Fatz,70.13
Prodder,Illa,Bacon,Skynoodle,145.95
Overhold,Zora,Ravenshear,Ainyx,138.93
Bitchip,Hugibert,Snoad,Minyx,15.08
Andalax,Wilie,Latty,Zoonder,238.58
Fintone,Stephine,Crichmer,Innojam,242.00
Solarbreeze,Derron,Faulds,Aibox,141.28
Subin,Hart,Samarth,Youbridge,38.59
Wrapsafe,Tore,Dallimore,Rhyloo,223.09
Lotstring,Ailey,Mowday,Blogspan,30.04
Stringtough,Benoit,McArdell,Voonte,35.51
Flowdesk,Karim,Brotherton,Tazz,234.59
Subin,Marion,Ellgood,Linkbuzz,67.25
Andalax,Ly,Kingsbury,Blogspan,220.80
Prodder,Alyssa,Piel,Eimbee,72.12
Bitchip,Dori,Yoxall,Jaxnation,132.71
Cookley,Courtnay,Caesmans,Zoombeat,163.75
Viva,Hubey,Cocks,Meejo,140.95
Pannier,Aguistin,Bonifas,Fliptune,142.02
Lotstring,Adrianna,Zeal,Ooba,238.87
Ronstring,Markos,Oglevie,Roodel,181.82
Fix San,Fidela,McOwan,Dabjam,26.19
Sub-Ex,Maury,Fitzsymons,Oloo,174.84
Kanlam,Kathie,Ortas,Zoomcast,94.85
Stronghold,Shannon,Spacey,Devshare,8.29
Sonsing,Cristiano,Thrustle,Blogpad,136.10
Andalax,Artur,Gresswell,Shufflebeat,129.16
Tresom,Cecilla,Galer,Babbleopia,110.26
Greenlam,Hasheem,Agg,Fanoodle,214.41
Andalax,Livy,Branche,Skidoo,191.22
Treeflex,Ilse,Overpool,Bubbletube,184.94
Cookley,Mady,McMickan,Kare,111.26
Temp,Adaline,Cleveley,Meeveo,52.20
Matsoft,Granger,Blagbrough,Trunyx,74.92
Quo Lux,Cy,Wicken,Shuffledrive,243.78
Zaam-Dox,Beaufort,Sawtell,Tagtune,183.26
Viva,Marcellina,Starking,Rhyzio,186.57
Zontrax,Queenie,Caney,Mybuzz,24.65
Zoolab,Teodora,Di Maggio,Rhyloo,41.99
It,Abba,Burleigh,Feedspan,99.90
Trippledex,Felice,Trevena,Quimm,185.76
Tres-Zap,Annecorinne,Briar,Browsebug,203.68
Zathin,Federico,Rich,Bubblemix,248.52
Domainer,Iago,Ahern,Minyx,166.95
Tempsoft,Katherine,Boggas,Voomm,4.48
Sonair,Blakelee,MacCardle,Realfire,57.18
Voyatouch,Allyce,Headon,Abatz,122.82
Span,Westbrooke,Petow,Gabvine,101.05
Wrapsafe,Nannette,McDirmid,Skyndu,209.48
Namfix,Yettie,Cove,Rhynoodle,26.02
Stringtough,Quentin,Durrant,Blogspan,120.22
Zathin,Bathsheba,Baber,Voomm,190.49
Job,Hildy,Beiderbecke,Rhyzio,167.44
Mat Lam Tam,Gothart,Douberday,Edgetag,41.06
Voltsillam,Sibeal,Shwalbe,Voonte,114.42
Treeflex,Sandor,Bernardt,Jabbersphere,137.00
Voyatouch,Pepe,Pinney,Thoughtworks,78.02
Zaam-Dox,Chet,Tolliday,Realmix,138.43
Home Ing,Donall,Datte,Shufflester,139.65
Alphazap,Eolande,Louth,Quinu,130.40
Tres-Zap,Pru,Griss,Midel,242.45
Fix San,Jasun,Rainsbury,Brightdog,68.27
Duobam,Inger,Mearing,Meejo,69.50
Tresom,Dwain,Sheddan,Dabtype,10.27
Hatity,Gale,Spracklin,Lazzy,113.39
Vagram,Meggie,Faveryear,Quimba,217.45
It,Hazel,Whitehall,Skipfire,38.40
Pannier,Hermie,Oloshin,Livefish,13.04
Wrapsafe,Anett,Reedyhough,Topiclounge,146.96
Lotlux,Isidoro,Wem,Rhyloo,184.86
Daltfresh,Agna,Knevit,LiveZ,69.40
Asoka,Tabbitha,Screen,Topicware,160.76
Greenlam,Bradford,Mulholland,Zoomzone,85.00
Cardguard,Leonerd,Bacop,Kazu,242.95
Treeflex,Quintin,Goodbar,Photolist,100.51
Sonair,Boote,Selwood,Photolist,128.05
Overhold,Donica,Kidstone,Zoonder,36.61
Bytecard,Herbie,Axe,Topiclounge,118.97
Stringtough,Nick,Danelut,Twitterbridge,60.52
Temp,Lauraine,Harkes,Thoughtsphere,97.92
Tempsoft,Grata,De Giorgis,Realbuzz,203.79
Pannier,Raymund,Medina,Camido,105.61
Temp,Devonna,Byk,Lajo,77.97
Duobam,Frances,Cowterd,Gigashots,129.64
Transcof,Antonetta,Urien,Zoomcast,80.58
Subin,Odelle,Rudiger,Livefish,95.11
Opela,Leanor,Shinefield,Myworks,34.00
Alphazap,Johanna,Keenan,Youfeed,92.62
Keylex,Ariadne,Moreton,Yakijo,22.70
Stringtough,Dexter,Korb,Rhyloo,119.58
Alpha,Augie,Battson,Rhycero,71.87
Flowdesk,Elayne,Meininking,Brainlounge,100.85
Solarbreeze,Carmita,Kalinsky,Aimbu,6.19
Biodex,Clint,Rhule,Zooxo,166.62
Mat Lam Tam,Kaspar,Phillp,Cogilith,92.71
Wrapsafe,Carce,Spyvye,Dynava,46.45
Vagram,Lloyd,Goodie,Buzzster,130.62
Rank,Gerrie,Kaindl,Feedfish,73.50
Bigtax,Abran,Roullier,Skyble,161.04
Konklux,Jessey,Harcourt,Centizu,175.30
Transcof,Michele,Fordy,Minyx,26.02
Stringtough,Roseline,Mathou,Jabberbean,199.04
